{
  "overrides": [
    { "wmClass": "org.gnome.Shell.Extensions", "wmTitle": "Forge Settings", "mode": "float" },
    { "wmClass": "jetbrains-toolbox", "mode": "float" },
    { "wmClass": "jetbrains-goland", "wmTitle": "splash", "mode": "float" },
    { "wmClass": "jetbrains-webstorm", "wmTitle": "splash", "mode": "float" },
    { "wmClass": "jetbrains-phpstorm", "wmTitle": "splash", "mode": "float" },
    { "wmClass": "jetbrains-datagrip", "wmTitle": "splash", "mode": "float" },
    { "wmClass": "jetbrains-rubymine", "wmTitle": "splash", "mode": "float" },
    { "wmClass": "jetbrains-idea", "wmTitle": "splash", "mode": "float" },
    { "wmClass": "Com.github.amezin.ddterm", "mode": "float" },
    { "wmClass": "Com.github.donadigo.eddy", "mode": "float" },
    { "wmClass": "Conky", "mode": "float" },
    { "wmClass": "Gnome-initial-setup", "mode": "float" },
    { "wmClass": "org.gnome.Calculator", "mode": "float" },
    { "wmClass": "gnome-terminal-server", "wmTitle": "Preferences – General", "mode": "float" },
    { "wmClass": "gnome-terminal-preferences", "mode": "float" },
    { "wmClass": "Guake", "mode": "float" },
    { "wmClass": "zoom", "mode": "float" },
    { "wmClass": "firefox", "wmTitle": "About Mozilla Firefox", "mode": "float" },
    { "wmClass": "firefox", "wmTitle": "!Mozilla Firefox", "mode": "float" },
    {
      "wmClass": "org.mozilla.firefox.desktop",
      "wmTitle": "About Mozilla Firefox",
      "mode": "float"
    },
    { "wmClass": "org.mozilla.firefox.desktop", "wmTitle": "!Mozilla Firefox", "mode": "float" },
    { "wmClass": "thunderbird", "wmTitle": "About Mozilla Thunderbird", "mode": "float" },
    { "wmClass": "thunderbird", "wmTitle": "!Mozilla Thunderbird", "mode": "float" },
    {
      "wmClass": "org.mozilla.Thunderbird.desktop",
      "wmTitle": "About Mozilla Thunderbird",
      "mode": "float"
    },
    {
      "wmClass": "org.mozilla.Thunderbird.desktop",
      "wmTitle": "!Mozilla Thunderbird",
      "mode": "float"
    }
  ]
}
